<?xml version="1.0" encoding="UTF-8"?>
<project-private xmlns="http://www.netbeans.org/ns/project-private/1">
    <editor-bookmarks xmlns="http://www.netbeans.org/ns/editor-bookmarks/2" lastBookmarkId="0"/>
    <open-files xmlns="http://www.netbeans.org/ns/projectui-open-files/2">
        <group>
            <file>file:/home/letmachado/Documentos/IF/projeto-integrador/Hortifruti_vs13/src/br/edu/ifsp/pep/visao/VendaView.java</file>
            <file>file:/home/letmachado/Documentos/IF/projeto-integrador/Hortifruti_vs13/src/META-INF/persistence.xml</file>
            <file>file:/home/letmachado/Documentos/IF/projeto-integrador/Hortifruti_vs13/src/br/edu/ifsp/pep/visao/VerProdutosVendaView.java</file>
        </group>
    </open-files>
</project-private>
